{"Scene":"Miguel's Area One","Health":3.0,"Coins":0,"Position":[18.69999885559082,21.1299991607666,0.0],"Inventory":[]}