{"Scene":"AreaOne(2)","Health":3.0,"Coins":13,"Position":[24.059297561645509,21.935348510742189,0.0],"Inventory":[]}