{"Scene":"Cavern","Health":3.0,"Coins":0,"Position":[6.34002685546875,-0.8723301887512207,0.0],"Inventory":[]}