{"Scene":"Cavern","Health":3.0,"Coins":0,"Position":[-0.8035392761230469,-4.93845796585083,0.0],"Inventory":[]}